,verified,has_default_pic,graph_ego_node_count,graph_ego_density,graph_ego_edge_count,last_tweet_at,tweet_active_days,first_tweet_at,reply_ratio,graph_pagerank,graph_neighbor_avg_ff_ratio,graph_neighbor_avg_degree_total,graph_pagerank_sampled,graph_neighbor_avg_in_degree,graph_neighbor_std_degree_total,graph_neighbor_avg_out_degree,avg_urls,avg_mentions,avg_hashtags,retweet_ratio
cresci_2015,1.0,1.0,1.0,1.0,1.0,1.0,1.0,1.0,0.028862478777589132,0.0047160913035276366,0.0,0.0,0.0,0.0,0.0,0.0,0.028862478777589132,0.028862478777589132,0.028862478777589132,0.028862478777589132
cresci_2017,1.0,1.0,1.0,1.0,1.0,1.0,1.0,1.0,0.2902978841870824,0.5773942093541202,0.5773942093541202,0.5773942093541202,0.5773942093541202,0.5773942093541202,0.5773942093541202,0.5773942093541202,0.2902978841870824,0.2902978841870824,0.2902978841870824,0.2902978841870824
twibot_2020,0.0,0.0,0.0016911889058007779,0.0016911889058007779,0.0016911889058007779,1.0,1.0,1.0,1.0,0.0016911889058007779,0.0016911889058007779,0.0016911889058007779,0.0016911889058007779,0.0016911889058007779,0.0016911889058007779,0.0016911889058007779,0.006764755623203111,0.006764755623203111,0.006764755623203111,0.006764755623203111
twibot_2022,0.0,0.0,1.0,1.0,1.0,0.066128,0.066128,0.066128,0.066128,0.672787,0.073237,0.073237,0.073237,0.073237,0.073237,0.073237,0.066128,0.066128,0.066128,0.066128
