{
  "cresci_2015": {
    "cresci_2015": {
      "accuracy": 0.9886899151743638,
      "auc": 0.9996783784556449,
      "n_features": 103,
      "n_train": 4240,
      "n_test": 1061,
      "scope": "within-dataset"
    },
    "cresci_2017": {
      "accuracy": 0.7390729398663697,
      "auc": 0.5469851229818212,
      "n_features": 32,
      "n_train": 5301,
      "n_test": 14368,
      "scope": "cross-era"
    },
    "twibot_2020": {
      "accuracy": 0.5592761711483173,
      "auc": 0.5708363761093425,
      "n_features": 31,
      "n_train": 5301,
      "n_test": 11826,
      "scope": "cross-era"
    },
    "twibot_2022": {
      "accuracy": 0.545881,
      "auc": 0.5657660122783861,
      "n_features": 33,
      "n_train": 5301,
      "n_test": 1000000,
      "scope": "cross-era"
    }
  },
  "cresci_2017": {
    "cresci_2015": {
      "accuracy": 0.663648368232409,
      "auc": 0.5020874539360991,
      "n_features": 32,
      "n_train": 14368,
      "n_test": 5301,
      "scope": "cross-era"
    },
    "cresci_2017": {
      "accuracy": 0.9933890048712596,
      "auc": 0.9995489977912118,
      "n_features": 103,
      "n_train": 11494,
      "n_test": 2874,
      "scope": "within-dataset"
    },
    "twibot_2020": {
      "accuracy": 0.5551327583291054,
      "auc": 0.6301949891141092,
      "n_features": 32,
      "n_train": 14368,
      "n_test": 11826,
      "scope": "cross-era"
    },
    "twibot_2022": {
      "accuracy": 0.597049,
      "auc": 0.6265652838908762,
      "n_features": 33,
      "n_train": 14368,
      "n_test": 1000000,
      "scope": "cross-era"
    }
  },
  "twibot_2020": {
    "cresci_2015": {
      "accuracy": 0.7215619694397284,
      "auc": 0.39726008309349375,
      "n_features": 31,
      "n_train": 11826,
      "n_test": 5301,
      "scope": "cross-era"
    },
    "cresci_2017": {
      "accuracy": 0.6454621380846325,
      "auc": 0.48888225406304475,
      "n_features": 32,
      "n_train": 11826,
      "n_test": 14368,
      "scope": "cross-era"
    },
    "twibot_2020": {
      "accuracy": 0.8186813186813187,
      "auc": 0.8840221709969998,
      "n_features": 107,
      "n_train": 9460,
      "n_test": 2366,
      "scope": "within-dataset"
    },
    "twibot_2022": {
      "accuracy": 0.275971,
      "auc": 0.5298392472811971,
      "n_features": 34,
      "n_train": 11826,
      "n_test": 1000000,
      "scope": "cross-era"
    }
  },
  "twibot_2022": {
    "cresci_2015": {
      "accuracy": 0.24787775891341257,
      "auc": 0.3333507033322529,
      "n_features": 33,
      "n_train": 1000000,
      "n_test": 5301,
      "scope": "cross-era"
    },
    "cresci_2017": {
      "accuracy": 0.26684298440979953,
      "auc": 0.759333358276685,
      "n_features": 33,
      "n_train": 1000000,
      "n_test": 14368,
      "scope": "cross-era"
    },
    "twibot_2020": {
      "accuracy": 0.447826822256046,
      "auc": 0.7765053333431092,
      "n_features": 34,
      "n_train": 1000000,
      "n_test": 11826,
      "scope": "cross-era"
    },
    "twibot_2022": {
      "accuracy": 0.878885,
      "auc": 0.8516131221409176,
      "n_features": 107,
      "n_train": 800000,
      "n_test": 200000,
      "scope": "within-dataset"
    }
  }
}